Settings:;;;;;;;
Maximum frame gap;50;;;;;;
Maximum distance between frames (nm);200;;;;;;
Exclusion radius (nm);400;;;;;;
;;;;;;;
Parameters:;;;;;;;
Frames per second;24.9996;;;;;;
Exposure time (ms);40.0006;;;;;;
Pixel size (nm);117;;;;;;
;;;;;;;
Data filters active:;;;;;;;
Minimum steps;50;;;;;;
Minimum average donor photons;0;;;;;;
Minimum average acceptor photons;200;;;;;;
;;;;;;;
ID;Frame index;Groups;Donor Photons;Acceptor Photons;FRET efficiency;X (nm);Y (nm)
100000;0;0;335.9;276.033;0.451084;23302.9;3823.24
100000;1;0;308.008;272.931;0.46981;23373;3858.48
100000;2;0;252.883;236.889;0.483673;23322.5;3812.14
100000;3;0;343.718;227.236;0.397993;23338.2;3832.43
100000;4;0;316.356;214.163;0.403686;23321.9;3796.09
100000;5;0;331.073;212.402;0.390822;23316.2;3805.58
100000;6;0;326.406;240.242;0.42397;23355.3;3822.1
100000;7;0;388.915;271.831;0.4114;23343.4;3810.89
100000;8;0;347.028;223.987;0.392261;23337.7;3833.16
100000;9;0;311.517;269.178;0.463545;23316.7;3819.19
100000;10;0;370.091;314.468;0.459373;23329.2;3804.29
100000;11;0;367.576;295.104;0.445319;23299.6;3820.9
100000;12;0;446.492;319.321;0.41697;23337.9;3820.26
100000;13;0;427.292;289.196;0.40363;23339.5;3828.86
100000;14;0;427.341;335.455;0.439771;23322.7;3813.79
100000;15;0;397.609;303.171;0.43262;23297.9;3821.87
100000;16;0;353.639;285.41;0.446617;23331.2;3819.2
100000;17;0;429.615;259.852;0.376888;23315.9;3834.2
100000;18;0;458.429;341.381;0.426828;23366.7;3826.94
100000;19;0;527.921;318.634;0.376389;23301.2;3803.82
100000;20;0;380.123;416.324;0.522726;23317.6;3805.08
100000;21;0;464.446;307.272;0.398166;23364.5;3844.1
100000;22;0;460.867;291.891;0.387762;23306;3819.49
100000;23;0;424.291;358.361;0.45788;23323.6;3806.55
100000;24;0;521.911;402.131;0.435187;23323;3829.02
100000;25;0;531.169;296.454;0.358199;23315.1;3814.3
100000;26;0;524.753;350.184;0.400239;23314.4;3809.47
100000;27;0;443.992;369.105;0.45395;23307.5;3826.43
100000;28;0;452.272;352.742;0.438181;23339.8;3831.33
100000;29;0;501.955;355.096;0.414323;23324.7;3816.63
100000;30;0;422.918;360.107;0.459893;23315.5;3827.06
100000;31;0;496.352;319.885;0.391902;23307.6;3805.97
100000;32;0;532.535;365.145;0.406765;23314.1;3820.68
100000;33;0;531.987;349.748;0.396659;23331.5;3822.04
100000;34;0;438.701;343.498;0.439145;23326.1;3822.61
100000;35;0;453.377;377.229;0.454162;23320.2;3810.06
100000;36;0;484.057;355.65;0.42354;23349.2;3822.37
100000;37;0;559.097;407.373;0.421506;23326.2;3814.74
100000;38;0;516.355;384.532;0.426837;23324.2;3810.42
100000;39;0;478.355;359.338;0.428961;23334.7;3811.64
100000;40;0;504.495;418.07;0.45316;23331.5;3815.91
100000;41;0;405.38;361.057;0.471085;23341.8;3818.79
100000;42;0;462.857;408.567;0.46885;23321.4;3824.39
100000;43;0;496.663;361.727;0.421402;23325.9;3817.37
100000;44;0;461.375;418.927;0.47589;23326.7;3802.86
100000;45;0;438.276;371.764;0.458945;23326.5;3804.32
100000;46;0;474.902;427.011;0.473451;23322.1;3810.47
100000;47;0;557.068;356.716;0.390372;23299.7;3818.51
100000;48;0;573.443;411.706;0.417912;23331.4;3829.43
100000;49;0;469.268;320.289;0.405656;23330.6;3823.55
100000;50;0;467.291;384.631;0.451487;23324.6;3840.1
100000;51;0;515.493;432.554;0.456258;23316.6;3830.51
100000;52;0;458.6;351.404;0.43383;23332;3825.25
100000;53;0;462.32;389.361;0.457168;23376.2;3827.82
100000;54;0;409.59;275.895;0.402481;23339.2;3824.35
100000;55;0;544.734;303.818;0.358043;23310.6;3832.53
100000;56;0;457.062;343.727;0.429235;23309.8;3836.9
100000;57;0;424.626;260.11;0.379869;23327.9;3817.67
100000;58;0;492.664;258.701;0.344308;23342;3824.03
100000;59;0;430.589;283.574;0.397072;23314.6;3812.21
100000;60;0;543.475;334.559;0.381032;23329.8;3821.58
100000;61;0;499.046;364.849;0.42233;23329.6;3825.16
100000;62;0;530.873;416.693;0.439751;23323.1;3824.04
100000;63;0;514.97;406.765;0.441304;23314.9;3836.39
100000;64;0;490.231;306.81;0.384936;23337.9;3829.3
100000;65;0;532.603;382.844;0.418205;23327;3846.23
100000;66;0;470.436;362.822;0.435426;23338.1;3835.91
100000;67;0;586.857;316.834;0.3506;23338;3832.38
100000;68;0;522.263;373.46;0.416937;23367.3;3834.29
100000;69;0;505.738;356.454;0.413428;23318.9;3822.18
100000;70;0;481.78;341.103;0.414522;23333.7;3826.49
100000;71;0;459.06;352.984;0.434686;23303.8;3816.91
100000;72;0;565.891;383.308;0.403822;23322.8;3824.3
100000;73;0;528.077;324.997;0.380972;23338;3815.56
100000;74;0;475.678;427.593;0.473383;23324;3822.34
100000;75;0;489.288;390.083;0.443593;23337.4;3824.62
100000;76;0;524.679;420.928;0.445141;23331.9;3835.04
100000;77;0;507.477;427.87;0.457445;23315.8;3817.35
100000;78;0;428.778;334.426;0.438186;23326.3;3819.69
100000;79;0;556.937;412.654;0.425596;23325.6;3833.95
100000;80;0;454.848;353.447;0.437275;23334.9;3830.52
100000;81;0;510.944;385.136;0.429801;23331.4;3836.6
100000;82;0;501.617;387.582;0.435878;23334.6;3817.36
100000;83;0;486.714;389.187;0.444328;23338.9;3830.05
100000;84;0;571.161;346.315;0.377465;23326.5;3822.08
100000;85;0;510.28;423.902;0.453768;23317.1;3827.52
100000;86;0;529.652;382.183;0.419136;23331.1;3811.33
100000;87;0;443.849;379.254;0.460762;23344.9;3819.36
100000;88;0;503.062;329.373;0.395674;23334;3819.77
100000;89;0;474.605;403.178;0.459314;23376.8;3844.1
100000;90;0;415.926;407.827;0.495084;23344.7;3840.69
100000;91;0;456.51;372.016;0.44901;23328;3829.37
100000;92;0;503.655;326.591;0.393366;23325;3824.58
100000;93;0;447.978;370.305;0.452539;23324;3830.62
100000;94;0;442.028;382.583;0.463956;23336.4;3834.62
100000;95;0;455.295;375.148;0.451744;23338.8;3816.32
100000;96;0;452.203;415.596;0.478908;23330;3846.2
100000;97;0;627.156;342.354;0.353121;23332.1;3831.25
100000;98;0;502.263;409.67;0.449233;23323.5;3818.69
100000;99;0;488.151;433.647;0.470436;23336.4;3827.1
100000;100;0;440.394;371.801;0.457773;23328.9;3819.26
100000;101;0;477.041;367.294;0.43501;23338.6;3811.48
100000;102;0;382.436;342.189;0.472229;23328.3;3825.23
100000;103;0;460.713;428.479;0.481875;23335.7;3828.52
100000;104;0;411.677;436.114;0.514412;23337.4;3824.95
100000;105;0;454.358;358.55;0.44107;23332.9;3831.95
100000;106;0;511.548;363.025;0.415089;23352.8;3822.83
100000;107;0;442.647;353.993;0.444357;23331.1;3808.24
100000;108;0;527.188;411.014;0.438087;23330.4;3810.87
100000;109;0;482.806;408.765;0.458477;23339.4;3806.45
100000;110;0;460.283;453.988;0.496558;23328.7;3826.55
100000;111;0;469.155;380.795;0.44802;23322.2;3833.36
100000;112;0;490.691;370.831;0.430437;23311.7;3857.5
100000;113;0;486.884;334.874;0.407509;23333.8;3842.15
100000;114;0;518.652;406.988;0.439683;23342.4;3821.46
100000;115;0;466.041;366.256;0.440054;23325.9;3816.67
100000;116;0;491.528;445.619;0.475506;23346.7;3834.58
100000;117;0;409.385;361.853;0.469185;23333.7;3826.75
100000;118;0;434.994;457.278;0.512487;23324.6;3825.49
100000;119;0;461.282;343.201;0.426611;23352;3826.29
100000;120;0;495.879;393.686;0.44256;23327.1;3834.08
100000;121;0;410.687;353.372;0.462493;23335.6;3838.62
100000;122;0;456.605;411.247;0.473868;23318.5;3822.86
100000;123;0;459.209;317.31;0.408632;23345.1;3836.1
100000;124;0;430.351;398.44;0.480748;23328;3849.62
100000;125;0;620.255;339.163;0.353509;23333;3831.66
100000;126;0;484.077;379.449;0.439418;23347.7;3841.01
100000;127;0;472.92;319.179;0.402953;23335.3;3832.3
100000;128;0;465.151;394.558;0.458943;23333.7;3839.37
100000;129;0;450.411;350.205;0.437419;23331.8;3822.37
100000;130;0;486.759;384.071;0.44104;23346.6;3832.19
100000;131;0;459.417;389.996;0.459136;23343.3;3819.69
100000;132;0;557.605;384.802;0.408319;23331.3;3823.84
100000;133;0;448.253;355.034;0.441976;23390.1;3871.74
100000;134;0;414.895;401.243;0.491636;23343.6;3826.87
100000;135;0;449.409;381.357;0.459043;23348.3;3841.24
100000;136;0;495.117;373.8;0.430191;23323.3;3827.99
100000;137;0;465.137;390.582;0.456437;23334.2;3826.08
100000;138;0;486.854;305.65;0.385676;23340;3828.75
100000;139;0;470.171;376.516;0.444693;23357.8;3816.44
100000;140;0;471.178;369.748;0.439692;23342.7;3825.8
100000;141;0;503.002;324.366;0.392045;23336.9;3830.76
100000;142;0;467.276;364.763;0.438397;23331.4;3812.28
100000;143;0;224.799;215.133;0.489014;23338.4;3756.19
100000;144;0;273.658;219.075;0.444612;23345;3801.28
100000;145;0;387.156;369.354;0.488234;23330.8;3803.84
100000;146;0;412.151;316.159;0.434099;23353.3;3835.41
100000;147;0;458.353;375.248;0.450153;23344.6;3812.84
100000;148;0;437.669;334.067;0.432877;23334;3814.17
100000;149;0;414.49;339.308;0.450131;23319;3801.93
100000;150;0;349.436;307.448;0.46804;23338.9;3832.58
100000;151;0;408.157;369.815;0.475357;23347.9;3817.14
100000;152;0;419.181;345.909;0.452115;23329.1;3827.69
100000;153;0;432.452;352.613;0.449151;23348;3835
100000;154;0;439.536;367.998;0.455706;23315.9;3815.32
100000;155;0;525.797;326.212;0.382874;23336.7;3823.34
100000;156;0;439.513;297.954;0.404023;23340.6;3828.65
100000;157;0;480.257;306.136;0.389291;23338.2;3822.86
100000;158;0;319.455;419.675;0.567796;23354.8;3843.27
100000;159;0;362.674;326.845;0.474019;23338.4;3818.05
100000;160;0;436.051;384.292;0.468453;23349;3823.92
100000;161;0;431.913;361.811;0.45584;23337.2;3803.45
100000;162;0;472.042;301.039;0.389402;23323.7;3813.91
100000;163;0;409.961;393.29;0.489623;23339.2;3817.14
100000;164;0;409.378;367.402;0.472981;23335;3822.81
100000;165;0;440.577;368.462;0.455432;23324;3803.79
100000;166;0;384.78;297.133;0.435735;23325.1;3835.99
100000;167;0;431.196;365.251;0.458601;23329.2;3834.14
100000;168;0;437.609;412.441;0.485196;23346.6;3837.7
100000;169;0;444.384;341.761;0.43473;23340.7;3829.41
100000;170;0;361.619;348.754;0.490945;23369.3;3845.97
100000;171;0;458.757;345.902;0.429874;23319;3847.53
100000;172;0;496.414;383.311;0.435717;23325.5;3825.33
100000;173;0;438.279;353.644;0.446564;23330.3;3826.14
100000;174;0;441.634;339.368;0.434529;23350.8;3820.1
100000;175;0;471.304;371.718;0.440935;23340.8;3814.21
100000;176;0;479.73;384.637;0.444992;23347.6;3828.81
100000;177;0;427.834;325.054;0.431743;23350.1;3819.48
100000;178;0;458.012;317.843;0.409668;23346.6;3845.33
100000;179;0;483.933;418.849;0.463953;23340;3812.03
100000;180;0;483.411;318.665;0.397301;23363.1;3865.66
100000;181;0;441.596;332.886;0.429818;23333.1;3836.22
100000;182;0;442.089;290.109;0.396217;23345.3;3820.7
100000;183;0;418.835;332.557;0.442588;23337.1;3817.03
100000;184;0;368.465;361.278;0.495075;23355.1;3836.28
100000;185;0;410.329;357.165;0.465365;23333.2;3825.03
100000;186;0;404.6;376.715;0.482155;23323.2;3820.05
100000;187;0;425.298;312.612;0.423645;23356.9;3838.22
100000;188;0;425.983;294.777;0.408981;23345.3;3843.38
100000;189;0;430.899;335.498;0.43776;23351.3;3820
100000;190;0;395.19;300.871;0.432248;23345.3;3822.23
100000;191;0;392.978;266.103;0.403749;23334.5;3815.96
100000;192;0;365.784;316.514;0.463894;23345;3822.41
100000;193;0;367.013;323.318;0.468352;23340.3;3839.23
100000;194;0;382.408;349.945;0.477837;23358.2;3812.15
100000;195;0;372.409;306.021;0.451073;23352.4;3822.94
100000;196;0;443.495;330.588;0.427071;23324.2;3809.39
100000;197;0;409.682;336.311;0.450823;23347.6;3830.23
100000;198;0;436.902;400.82;0.478464;23339.9;3824.34
100000;199;0;435.565;326.487;0.428431;23356.4;3820.75
100000;200;0;387.188;427.473;0.524725;23330.1;3834.98
100000;201;0;358.097;305.422;0.460306;23355.5;3819.72
100000;202;0;427.592;367.673;0.462328;23329.5;3828.2
100000;203;0;450.399;391.316;0.464903;23315.1;3810.61
100000;204;0;358.114;386.116;0.518813;23342.1;3835.87
100000;205;0;415.756;362.058;0.465482;23353.1;3816.82
100000;206;0;348.846;241.636;0.409218;23341.5;3810.35
100000;207;0;441.247;412.485;0.483156;23345.2;3823.75
100000;208;0;437.726;411.116;0.484325;23328.2;3820.71
100000;209;0;423.233;338.128;0.44411;23334.2;3825.82
100000;210;0;417.223;390.739;0.483611;23348;3819.21
100000;211;0;417.813;330.986;0.442022;23338.8;3822.16
100000;212;0;396.094;401.842;0.503602;23343.7;3811.6
100000;213;0;413.059;372.337;0.474075;23342.5;3821.59
100000;214;0;404.856;362.258;0.472235;23340.3;3831.3
100000;215;0;438.228;374.425;0.460744;23312.6;3801.05
100000;216;0;497.613;362.608;0.421529;23340.3;3826.49
100000;217;0;534.925;344.793;0.391936;23352.9;3809.6
100000;218;0;435.763;340.623;0.438729;23359.6;3833.5
100000;219;0;428.375;358.393;0.455525;23314.9;3831.41
100000;220;0;421.855;345.136;0.449987;23338.2;3831.33
100000;221;0;449.835;356.335;0.44201;23348.5;3820.68
100000;222;0;532.727;363.315;0.405467;23344.1;3833.37
100000;223;0;404.785;359.873;0.470633;23330.4;3814.15
100000;224;0;445.219;399.701;0.473064;23353.8;3814.04
100000;225;0;442.227;390.464;0.468918;23338.9;3844.18
100000;226;0;499.32;318.234;0.389251;23327.7;3833.62
100000;227;0;468.093;351.178;0.428647;23321;3828.03
100000;228;0;543.842;387.901;0.416318;23324.7;3813.17
100000;229;0;493.031;348.442;0.414086;23326;3812.59
100000;230;0;504.823;415.779;0.451638;23348;3834.16
100000;231;0;541.695;316.484;0.368785;23342.8;3837.73
100000;232;0;400.274;312.325;0.43829;23355;3829.3
100000;233;0;525.194;369.734;0.413144;23338.7;3814.69
100000;234;0;533.938;388.96;0.421455;23319.2;3821.66
100000;235;0;486.576;361.428;0.426211;23379.9;3839.98
100000;236;0;418.107;355.081;0.459243;23338.9;3831.66
100000;237;0;478.923;337.032;0.413052;23338.1;3821.36
100000;238;0;441.712;401.922;0.476417;23335.9;3813.78
100000;239;0;437.623;379.734;0.464588;23335.1;3840.52
100000;240;0;460.733;369.611;0.44513;23381.3;3863.01
100000;241;0;502.272;353.22;0.412885;23343.8;3827.93
100000;242;0;435.697;338.009;0.436871;23334.6;3854.84
100000;243;0;522.326;356.451;0.405621;23335;3826.75
100000;244;0;398.971;316.243;0.442165;23323.8;3846.56
100000;245;0;401.653;373.059;0.481545;23355.4;3822.51
100000;246;0;438.243;311.257;0.415286;23348.3;3830.17
100000;247;0;444.459;343.054;0.435617;23356.5;3826.13
100000;248;0;427.864;387.658;0.475349;23348;3817.59
100000;249;0;483.836;367.348;0.431573;23316.4;3835.55
100000;250;0;467.691;332.206;0.415311;23338.2;3857.38
100000;251;0;449.014;357.2;0.443058;23345.6;3836.73
100000;252;0;378.605;351.635;0.481533;23353;3843.89
100000;253;0;483.896;334.405;0.408658;23379.3;3867.13
100000;254;0;483.807;382.123;0.441286;23342.2;3833.28
100000;255;0;478.944;355.762;0.426212;23345.4;3831.88
100000;256;0;483.48;381.565;0.441093;23348.1;3823.87
100000;257;0;464.757;390.244;0.456425;23342;3817.23
100000;258;0;450.255;316.361;0.412672;23338.6;3832.66
100000;259;0;435.121;369.845;0.459454;23352.9;3838.65
100000;260;0;424.074;317.772;0.428353;23345.3;3808.86
100000;261;0;457.428;357.374;0.438602;23348.9;3828.3
100000;262;0;401.371;314.303;0.43917;23348.7;3826.59
100000;263;0;397.995;321.989;0.447217;23350.6;3828.51
100000;264;0;543.244;343.102;0.387097;23349.2;3819.35
100000;265;0;373.326;407.422;0.521835;23345.2;3835.45
100000;266;0;467.581;295.955;0.387611;23332.2;3843.23
100000;267;0;489.445;319.992;0.395327;23349.1;3826.81
100000;268;0;499.713;414.727;0.453531;23336.7;3847.86
100000;269;0;443.963;404.016;0.476446;23343.4;3825.79
100000;270;0;490.064;402.414;0.450895;23324.6;3823.7
100000;271;0;445.613;388.133;0.465529;23364.8;3827.32
100000;272;0;467.045;361.445;0.43627;23352.8;3820.82
100000;273;0;435.04;360.395;0.453079;23339.7;3858.28
100000;274;0;457.81;338.363;0.424987;23344.5;3820.21
100000;275;0;444.308;350.016;0.440646;23334.8;3812.07
100000;276;0;451.837;413.259;0.477703;23358.1;3817.28
100000;277;0;422.695;347.076;0.450882;23344.2;3846.88
100000;278;0;444.372;368.871;0.453581;23361.3;3830.21
100000;279;0;432.842;343.766;0.442651;23350.3;3842.02
100000;280;0;429.187;434.92;0.503317;23329.7;3838.66
100000;281;0;467.388;369.934;0.441806;23342.1;3834.96
100000;282;0;454.862;342.994;0.429895;23357.4;3823.28
100000;283;0;491.905;378.032;0.434551;23346.7;3819.79
100000;284;0;379.23;365.683;0.490907;23337.2;3841.65
100000;285;0;439.926;370.4;0.4571;23356.9;3848.8
100000;286;0;470.691;403.948;0.461846;23330.3;3836.97
100000;287;0;444.264;402.663;0.47544;23338.1;3817.66
100000;288;0;446.871;363.58;0.448614;23354.8;3838.24
100000;289;0;464.594;374.701;0.446447;23358.6;3841.19
100000;290;0;431.692;372.804;0.463401;23329.3;3832.32
100000;291;0;450.991;351.972;0.438342;23334.8;3848.68
100000;292;0;406.291;392.049;0.49108;23351.2;3845.88
100000;293;0;479.231;402.591;0.456545;23346.3;3835.52
100000;294;0;409.101;411.888;0.501697;23349.3;3827.73
100000;295;0;431.616;422.963;0.494937;23345.3;3833.72
100000;296;0;396.404;362.184;0.477445;23334.1;3829.52
100000;297;0;476.091;334.215;0.412455;23346.1;3824.81
100000;298;0;401.906;373.237;0.481507;23350.2;3816.36
100000;299;0;435.888;382.013;0.467065;23328.4;3827.8
100000;300;0;456.085;375.456;0.451519;23352.8;3832.78
100000;301;0;385.879;341.157;0.469244;23356.2;3823.78
100000;302;0;528.113;327.576;0.382822;23356.7;3836.42
100000;303;0;397.526;287.296;0.419519;23349.9;3834.47
100000;304;0;443.122;387.435;0.466477;23351.1;3828.32
100000;305;0;477.697;355.896;0.426942;23392.2;3837.21
100000;306;0;507.414;390.626;0.434976;23351.7;3830.07
100000;307;0;489.744;303.742;0.382795;23345.8;3830.96
100000;308;0;438.97;381.659;0.465081;23355.4;3817.87
100000;309;0;398.991;381.554;0.488831;23335.4;3824.89
100000;310;0;367.608;327.983;0.471517;23345.6;3832.04
100000;311;0;439.39;376.548;0.46149;23371.1;3841.59
100000;312;0;465.834;399.744;0.461823;23351.4;3830.36
100000;313;0;473.821;392.556;0.453101;23341.9;3820.66
100000;314;0;423.716;351.791;0.453627;23352.7;3832.9
100000;315;0;428.588;355.49;0.453386;23338.3;3835.4
100000;316;0;493.186;334.289;0.403987;23332.1;3833.36
100000;317;0;410.516;407.681;0.498268;23373.8;3848.04
100000;318;0;434.122;353.106;0.448543;23336.7;3830.64
100000;319;0;463.533;364.012;0.439869;23344.8;3829.29
100000;320;0;395.57;392.266;0.497903;23331.7;3836.97
100000;321;0;496.346;343.595;0.409071;23341.4;3833.39
100000;322;0;336.482;301.698;0.472748;23364.4;3833.77
100000;323;0;140.084;270.844;0.659104;23394.1;3904.93
100000;324;0;173.118;251.5;0.592297;23409.1;3919.72
100000;325;0;131.321;222.367;0.62871;23394.6;3927.47
100000;326;0;155.088;288.375;0.650279;23388.3;3907.88
100000;327;0;195.848;265.987;0.575936;23349.7;3899.3
100000;328;0;186.51;325.514;0.63574;23373.7;3914.09
100000;329;0;207.946;161.817;0.437624;23354.4;3867.15
100000;330;0;185.035;286.905;0.607926;23392.8;3899.95
100000;331;0;169.511;216.511;0.560878;23418.1;3896.8
100000;332;0;194.9;278.24;0.588072;23411.2;3906.76
100000;333;0;218.535;257.607;0.54103;23392.9;3912.26
100000;334;0;217.572;309.384;0.587115;23354.6;3890.34
100000;335;0;203.467;205.264;0.502199;23363.1;3872.56
100000;336;0;88.126;223.493;0.7172;23375.8;3905.89
100001;0;0;188.527;193.002;0.505865;38124.2;5806.91
100001;1;0;209.782;198.6;0.486309;38135.4;5827.44
100001;2;0;259.554;248.463;0.489084;38153;5807.52
100001;3;0;291.474;241.09;0.452697;38104.9;5838.63
100001;4;0;268.366;253.572;0.485828;38110.4;5808.5
100001;5;0;314.531;254.086;0.446849;38121.9;5829.89
100001;6;0;319.835;186.652;0.368522;38121.4;5841.88
100001;7;0;230.386;112.48;0.328058;38101.6;5824.69
100001;8;0;336.233;223.199;0.398975;38124.6;5803.49
100001;9;0;356.313;298.222;0.455624;38123;5832.66
100001;10;0;308.703;287.223;0.481978;38126.1;5829.79
100001;11;0;300.106;249.011;0.453475;38129.2;5809.97
100001;12;0;370.688;310.912;0.456151;38139;5812.49
100001;13;0;319.095;217.174;0.404973;38135.1;5818.78
100001;14;0;323.469;244.999;0.430981;38130.8;5817.72
100001;15;0;402.027;326.977;0.448526;38150.3;5809.67
100001;16;0;334.522;354.874;0.514761;38128.1;5810.05
100001;17;0;335.347;320.958;0.489038;38127;5828.25
100001;18;0;353.816;280.548;0.44225;38134.3;5839.29
100001;19;0;344.885;326.402;0.486233;38131.8;5821.9
100001;20;0;348.835;293.339;0.45679;38132.2;5827.59
100001;21;0;359.442;323.358;0.473577;38126.8;5831.65
100001;22;0;315.02;140.582;0.308563;38132.7;5827.29
100001;23;0;386.871;254.463;0.396772;38101.4;5841.8
100001;24;0;387.873;338.113;0.465729;38139;5835.31
100001;25;0;399.395;369.528;0.480579;38128.3;5837.36
100001;26;0;449.906;333.46;0.425676;38131.1;5832.64
100001;27;0;445.998;302.943;0.404495;38112.5;5833.44
100001;28;0;395.92;302.885;0.433433;38141.5;5821.99
100001;29;0;473.515;374.563;0.441661;38140.4;5835.39
100001;30;0;350.732;367.04;0.51136;38153.6;5808.78
100001;31;0;407.254;347.756;0.460598;38125.6;5829.37
100001;32;0;415.803;298.486;0.417879;38134.6;5829.04
100001;33;0;421.543;300.008;0.415782;38133.5;5829.99
100001;34;0;442.945;399.462;0.474191;38131.1;5838.09
100001;35;0;449.308;405.925;0.474637;38133.9;5834.26
100001;36;0;406.313;389.484;0.489426;38126;5842.88
100001;37;0;359.678;349.188;0.492601;38116.1;5821.86
100001;38;0;379.281;335.922;0.469687;38143.8;5841.81
100001;39;0;403.697;238.611;0.37149;38133.8;5826.6
100001;40;0;396.868;313.715;0.44149;38151.6;5822.05
100001;41;0;388.58;308.871;0.442857;38143.8;5822.81
100001;42;0;337.155;232.558;0.408202;38139.9;5844.4
100001;43;0;478.909;320.286;0.40076;38137.2;5812.25
100001;44;0;451.101;357.58;0.442176;38129.2;5817.9
100001;45;0;411.475;319.033;0.436728;38153.3;5817.94
100001;46;0;481.981;295.593;0.380147;38126.5;5820.21
100001;47;0;439.257;363.161;0.452583;38135.2;5834.69
100001;48;0;494.781;351.309;0.415215;38150.9;5830.62
100001;49;0;497.58;263.246;0.346;38128.4;5836.29
100001;50;0;414.513;266.956;0.391736;38204.2;5813.91
100001;51;0;468.944;266.09;0.36201;38154.2;5819.74
100001;52;0;407.118;236.68;0.367631;38148.8;5812.87
100001;53;0;386.304;333.18;0.463082;38144.5;5819.08
100001;54;0;482.646;266.996;0.356165;38130.9;5819.35
100001;55;0;490.904;290.476;0.371747;38144.2;5813.86
100001;56;0;414.439;225.571;0.352449;38158.1;5802.72
100001;57;0;481.535;337.917;0.41237;38140.8;5825.79
100001;58;0;463.118;327.791;0.414448;38147;5824
100001;59;0;575.004;407.357;0.414671;38122.5;5840.76
100001;60;0;539.173;328.94;0.378914;38132;5832.99
100001;61;0;453.995;298.873;0.396979;38123.5;5838.62
100001;62;0;484.097;315.163;0.394319;38151.3;5832.67
100001;63;0;501.887;345.359;0.407625;38132.6;5820.23
100001;64;0;430.088;394.88;0.478661;38131.4;5833.75
100001;65;0;471.827;262.022;0.357051;38141.9;5821.3
100001;66;0;424.316;300.953;0.414954;38141.3;5815.59
100001;67;0;457.722;290.408;0.388178;38148.6;5819.04
100001;68;0;355.318;185.722;0.343269;38143;5833.05
100001;69;0;422.959;292.196;0.408577;38137.3;5833.47
100001;70;0;519.718;349.383;0.402005;38130.9;5818.34
100001;71;0;529.406;210.839;0.284823;38137.4;5828.6
100001;72;0;470.682;263.751;0.359122;38134.6;5821.41
100001;73;0;472.318;336.484;0.416028;38171.5;5847.61
100001;74;0;457.514;396.447;0.464245;38141.4;5831.15
100001;75;0;479.399;380.651;0.442592;38157.6;5826.14
100001;76;0;512.406;302.635;0.371313;38160.4;5840.51
100001;77;0;467.907;305.498;0.395003;38142.3;5812.27
100001;78;0;513.533;322.161;0.385501;38113.6;5822.93
100001;79;0;464.606;419.933;0.474748;38136.3;5818.49
100001;80;0;505.501;338.93;0.401371;38124;5817.12
100001;81;0;487.9;349.258;0.417194;38128;5835.74
100001;82;0;445.085;262.954;0.371384;38129.8;5814.81
100001;83;0;409.735;306.406;0.427857;38145.3;5840.7
100001;84;0;473.412;310.285;0.395925;38127.8;5814.38
100001;85;0;484.427;295.431;0.378827;38140;5836.28
100001;86;0;416.522;335.197;0.445907;38125.1;5840.52
100001;87;0;361.266;361.357;0.500063;38140.2;5836.91
100001;88;0;417.912;313.35;0.428506;38138.1;5831.19
100001;89;0;414.78;258.067;0.383546;38152.8;5828.53
100001;90;0;504.388;358.325;0.415347;38140.9;5834.88
100001;91;0;556.112;329.304;0.37192;38141.3;5829.08
100001;92;0;446.455;326.27;0.422233;38137;5802.43
100001;93;0;450.754;327.048;0.420478;38145.8;5829.52
100001;94;0;464.801;358.655;0.435548;38141.3;5831.97
100001;95;0;555.859;421.564;0.431302;38151.1;5836.35
100001;96;0;452.118;292.328;0.392679;38150;5828.71
100001;97;0;468.06;386.923;0.45255;38153.8;5827.03
100001;98;0;539.536;498.84;0.480404;38149.3;5834.36
100001;99;0;535.287;306.806;0.364337;38140.2;5835.43
100001;100;0;460.107;132.628;0.223756;38147.3;5812.06
100001;101;0;440.476;175.816;0.285281;38135.9;5814.44
100001;102;0;429.93;318.781;0.425773;38147.5;5816.76
100001;103;0;411.158;306.908;0.42741;38131.2;5824.1
100001;104;0;575.429;449.802;0.438733;38146.1;5837.01
100001;105;0;582.486;394.758;0.403951;38123;5822.21
100001;106;0;418.881;344.506;0.451286;38150.4;5849.83
100001;107;0;555.293;479.279;0.463263;38182.8;5804.59
100001;108;0;438.102;347.652;0.442444;38152.1;5829.64
100001;109;0;430.885;352.502;0.449972;38173.6;5840.38
100001;110;0;477.652;377.753;0.441608;38130;5838.87
100001;111;0;509.138;510.27;0.500555;38183.1;5835.73
100001;112;0;459.711;371.227;0.446757;38144.8;5815.8
100001;113;0;421.827;252.345;0.374303;38126.6;5823.58
100001;114;0;415.204;260.123;0.38518;38146.1;5815.09
100001;115;0;440.974;403.795;0.477995;38125.7;5828.59
100001;116;0;442.75;359.559;0.448156;38142.6;5831.55
100001;117;0;401.836;206.251;0.33918;38155.7;5822.6
100001;118;0;492.785;346.053;0.412539;38144.2;5841.82
100001;119;0;475.889;481.469;0.502915;38143;5831.06
100001;120;0;611.594;439.515;0.418144;38143.5;5842.41
100001;121;0;437.744;422.615;0.491208;38141.9;5824.04
100001;122;0;428.095;377.711;0.468737;38148.1;5841.58
100001;123;0;504.106;436.642;0.464144;38145.9;5825.47
100001;124;0;478.536;426.945;0.471512;38150.6;5826.97
100001;125;0;491.952;420.558;0.46088;38142.6;5837.85
100001;126;0;458.721;371.116;0.447215;38131.2;5826.94
100001;127;0;538.236;465.473;0.463753;38139.9;5828.56
100001;128;0;523.684;399.018;0.432445;38151.9;5797.21
100001;129;0;417.779;381.187;0.477101;38144.7;5825.21
100001;130;0;550.439;298.144;0.351343;38148.7;5844.85
100001;131;0;489.836;318.739;0.394198;38143.4;5827.57
100001;132;0;367.833;293.572;0.443861;38132.6;5836.26
100001;133;0;406.083;277.367;0.405834;38239.8;5823.22
100001;134;0;499.084;430.968;0.463381;38125.2;5813.95
100001;135;0;482.256;328.878;0.405455;38126.9;5836.19
100001;136;0;416.582;396.618;0.487725;38142;5841.71
100001;137;0;510.745;404.269;0.441817;38147.7;5815.72
100001;138;0;531.701;297.607;0.358862;38122.7;5820.34
100001;139;0;523.412;358.189;0.406294;38160.3;5839.05
100001;140;0;454.765;253.449;0.357871;38124.4;5828.41
100001;141;0;356.641;271.041;0.431812;38146.2;5833.36
100001;142;0;371.082;260.297;0.412267;38147.7;5839.41
100001;143;0;433.181;384.061;0.469948;38144.6;5817.84
100001;144;0;500.147;398.352;0.443353;38128;5847.64
100001;145;0;607.475;334.966;0.355423;38149.8;5821.02
100001;146;0;543.5;286.605;0.345263;38141.1;5821.45
100001;147;0;547.268;373.344;0.405539;38158;5849.28
100001;148;0;448.947;343.063;0.433155;38193.2;5809.26
100001;149;0;535.371;333.489;0.383823;38142.1;5828.7
100001;150;0;376.657;265.099;0.413083;38157;5834.11
100001;151;0;325.587;145.229;0.308462;38130.7;5839.61
100001;152;0;0;0;0;0;0
100001;153;0;499.902;385.25;0.435236;38132.9;5819.16
100001;154;0;497.84;238.514;0.323912;38142.5;5845.26
100001;155;0;315.514;195.912;0.383071;38154;5814.72
100001;156;0;302.303;271.663;0.473308;38135.4;5833.96
100001;157;0;312.099;268.389;0.46235;38131;5834.45
100001;158;0;500.229;342.183;0.406195;38154.1;5816
100001;159;0;491.563;307.731;0.385003;38163.1;5817.29
100001;160;0;480.113;339.773;0.414415;38157.6;5820.85
100001;161;0;327.834;209.218;0.389568;38165.5;5834.69
100001;162;0;300.099;303.435;0.502764;38168.7;5818.39
100001;163;0;328.631;274.338;0.454979;38179.7;5830.51
100001;164;0;379.144;329.321;0.464837;38137.8;5837.33
100001;165;0;600.028;403.066;0.401822;38139.7;5822.85
100001;166;0;479.537;278.597;0.367477;38151.1;5839.82
100001;167;0;413.574;184.697;0.308717;38149.3;5821.07
100001;168;0;444.209;220.806;0.332032;38158.3;5829.12
100001;169;0;499.674;334.958;0.401324;38148.3;5827.59
100001;170;0;459.316;234.832;0.338303;38147.5;5836.22
100001;171;0;515.469;370.792;0.418378;38148.8;5830.61
100001;172;0;678.851;485.784;0.417113;38133.9;5835.84
100001;173;0;496.947;376.22;0.430869;38150.5;5844.43
100001;174;0;343.831;302.504;0.46803;38155.1;5829.52
100001;175;0;307.022;167.831;0.353438;38133.6;5842.81
100001;176;0;441.006;236.167;0.348754;38149;5842.04
100001;177;0;482.331;337.82;0.4119;38158.3;5826.23
100001;178;0;379.849;324.664;0.460835;38143.5;5869.83
100001;179;0;325.142;238.334;0.422971;38148.4;5846.27
100001;180;0;0;0;0;0;0
100001;181;0;354.171;261.403;0.424649;38153;5847.57
100001;182;0;315.236;161.404;0.338628;38142.4;5826.26
100001;183;0;0;0;0;0;0
100001;184;0;358.187;135.953;0.27513;38132.6;5851.26
100001;185;0;373.675;163.528;0.304406;38154.1;5823.82
100001;186;0;364.774;145.549;0.285209;38149.1;5830.74
100001;187;0;319.492;181.924;0.362821;38110.6;5828.44
100001;188;0;300.699;104.678;0.258224;38135.5;5832.35
100001;189;0;319.461;95.9491;0.230974;38148.8;5812.81
100001;190;0;376.256;291.864;0.436844;38142.2;5831.82
100001;191;0;371.316;226.41;0.378786;38145.2;5842.26
100001;192;0;303.834;222.003;0.42219;38145.9;5848.18
100001;193;0;278.838;93.778;0.251675;38145.7;5838.81
100001;194;0;329.866;104.737;0.240995;38148.5;5826.05
100001;195;0;306.24;265.488;0.46436;38151.6;5821.83
100001;196;0;275.361;254.238;0.480057;38148.7;5833.11
100001;197;0;0;0;0;0;0
100001;198;0;272.693;126.93;0.317625;38098.8;5855.72
100001;199;0;283.699;261.293;0.479444;38152.3;5839.37
100001;200;0;473.092;348.732;0.424339;38150.9;5822.56
100001;201;0;329.617;303.086;0.479034;38151.8;5836.11
100001;202;0;474.13;301.517;0.38873;38123.7;5834.27
100001;203;0;345.074;266.876;0.436107;38159.1;5832.95
100001;204;0;495.238;349.429;0.413689;38158.4;5824.96
100001;205;0;497.987;381.438;0.433736;38153.9;5835.86
100001;206;0;504.106;397.73;0.441023;38152;5839.67
100001;207;0;508.561;381.453;0.428592;38136.2;5823.76
100001;208;0;482.255;296.648;0.380854;38150.4;5847.4
100001;209;0;459.775;282.149;0.380294;38157.6;5825.7
100001;210;0;423.975;334.591;0.441083;38147.6;5834.79
100001;211;0;397.62;388.274;0.494054;38150.9;5819.78
100001;212;0;278.69;130.26;0.318524;38136.5;5824.91
100001;213;0;305.078;189.82;0.383554;38134.2;5847.25
100001;214;0;328.317;183.898;0.359025;38162.4;5859.11
100001;215;0;360.724;164.01;0.312558;38154.8;5832.2
100001;216;0;444.346;437.072;0.495874;38154.9;5828.33
100001;217;0;482.289;452.022;0.483802;38162.4;5828.32
100001;218;0;434.797;242.396;0.357943;38152.7;5839.85
100001;219;0;334.591;167.919;0.33416;38143.5;5833.73
100001;220;0;0;0;0;0;0
100001;221;0;277.789;272.608;0.495293;38166.8;5840.95
100001;222;0;348.155;317.228;0.47676;38154.6;5836.23
100001;223;0;417.046;321.93;0.435643;38127.9;5825.91
100001;224;0;506.202;438.68;0.464269;38133;5838.96
100001;225;0;463.429;381.478;0.451503;38153.1;5840.28
100001;226;0;411.295;140.462;0.254572;38160.9;5823.32
100001;227;0;495.385;206.7;0.294409;38144.2;5822.07
100001;228;0;391.615;196.851;0.334516;38156;5815.18
100001;229;0;353.334;157.428;0.308222;38156;5799.01
100001;230;0;494.124;374.018;0.430826;38149.4;5820.9
100001;231;0;508.668;336.265;0.397978;38162.7;5827.26
100001;232;0;506.573;365.997;0.419447;38147.6;5842.42
100001;233;0;468.253;425.554;0.476114;38165.9;5819.38
100001;234;0;491.751;399.857;0.448467;38163.3;5832.7
100001;235;0;427.345;428.111;0.500448;38151.7;5860.34
100001;236;0;564.876;348.106;0.381285;38166.9;5843.76
100001;237;0;552.2;328.126;0.372732;38156.3;5820.23
100001;238;0;443.149;346.174;0.438571;38149.6;5825.67
100001;239;0;466.172;429.286;0.479404;38152.7;5842.33
100001;240;0;380.032;264.245;0.410143;38145.1;5837.65
100001;241;0;357.73;243.785;0.405285;38152.3;5841.91
100001;242;0;431.623;411.505;0.488069;38159.5;5843.98
100001;243;0;438.308;348.67;0.443049;38160.9;5823
100001;244;0;416.534;262.213;0.38632;38157.5;5823.05
100001;245;0;509.429;352.893;0.409236;38157.6;5852.57
100001;246;0;653.541;392.229;0.375062;38149.2;5847.84
100001;247;0;424.445;246.017;0.366937;38141;5831.79
100001;248;0;317.336;201.401;0.388253;38140.3;5865.94
100001;249;0;530.875;378.513;0.416228;38137.4;5858.67
100001;250;0;531.522;391.551;0.424182;38170;5842.56
100001;251;0;455.339;289.96;0.389052;38160.6;5845.83
100001;252;0;457.712;281.681;0.380962;38163;5845.27
100001;253;0;400.238;295.355;0.424608;38153.9;5846.92
100001;254;0;304.344;179.163;0.370549;38148.2;5840.68
100001;255;0;523.036;328.686;0.385908;38146.4;5842.64
100001;256;0;366.999;226.357;0.381486;38166.5;5848.87
100001;257;0;345.353;237.756;0.407738;38114.5;5864.82
100001;258;0;308.1;220.426;0.417059;38175.4;5861.02
100001;259;0;249.135;193.663;0.437361;38179.2;5814.29
100001;260;0;294.964;217.879;0.424846;38216.8;5851.5
100001;261;0;390.534;254.882;0.394912;38150.5;5841.49
100001;262;0;297.634;209.403;0.412994;38172.9;5842.79
100001;263;0;369.927;188.18;0.337175;38154.2;5855.47
100001;264;0;369.032;266.463;0.4193;38158.6;5832.93
100001;265;0;495.168;356.903;0.418865;38164.4;5826.28
100001;266;0;523.877;387.581;0.425232;38165.5;5836.82
100001;267;0;483.801;360.297;0.426843;38161.7;5855.49
100001;268;0;495.916;352.662;0.415592;38162.2;5861.34
100001;269;0;556.598;372.669;0.401035;38160.4;5821.58
100001;270;0;565.396;377.233;0.400193;38151.8;5835.95
100001;271;0;552.399;347.368;0.386065;38152.5;5840.17
100001;272;0;486.126;338.017;0.410143;38162.2;5844.68
100001;273;0;566.354;449.659;0.442572;38174;5835.28
100001;274;0;559.552;359.18;0.390952;38169.9;5831.75
100001;275;0;448.633;326.831;0.421465;38158.8;5851.8
100001;276;0;494.401;381.378;0.435473;38166.1;5857.92
100001;277;0;459.194;355.209;0.436158;38160.1;5840.98
100001;278;0;457.856;263.441;0.365232;38138.4;5839.41
100001;279;0;593.602;404.564;0.405307;38138.8;5837.98
100001;280;0;506.593;291.965;0.365615;38151.2;5841.65
100001;281;0;520.168;307.716;0.37169;38154;5827.72
100001;282;0;494.37;368.616;0.42714;38166.9;5846.52
100001;283;0;469.733;293.371;0.384444;38189.1;5877.6
100001;284;0;484.364;381.468;0.44058;38150.4;5845.32
100001;285;0;566.387;359.434;0.388233;38156.3;5834.96
100001;286;0;529.646;369.238;0.410774;38149.9;5821.34
100001;287;0;434.616;280.59;0.392321;38143.2;5860.91
100001;288;0;515.535;311.241;0.376451;38146.5;5828.53
100001;289;0;476.115;303.942;0.389641;38151.1;5845.32
100001;290;0;532.299;323.264;0.377838;38159;5859.11
100001;291;0;540.18;403.086;0.42733;38166.4;5854.6
100001;292;0;415.849;327.564;0.440622;38150;5867.66
100001;293;0;458.582;264.394;0.365702;38154.9;5834.82
100001;294;0;447.555;240.169;0.349223;38150.6;5837.8
100001;295;0;481.174;355.849;0.425136;38150;5833.68
100001;296;0;459.164;362.544;0.441208;38164.1;5854.94
100001;297;0;485.024;369.353;0.432307;38135.3;5848.03
100001;298;0;578.358;384.654;0.399428;38159.6;5835.33
100001;299;0;362.207;226.655;0.384903;38161.3;5849.37
100001;300;0;354.945;293.396;0.452533;38206.5;5842.31
100001;301;0;282.348;259.031;0.478465;38140.6;5833.46
100001;302;0;417.871;290.337;0.40996;38130.4;5848.4
100001;303;0;314.576;253.654;0.446393;38165.9;5866.69
100001;304;0;420.986;303.535;0.418946;38150.7;5823.49
100001;305;0;348.262;261.148;0.428526;38196.4;5832.54
100001;306;0;305.425;270.84;0.469992;38168.4;5858.76
100001;307;0;285.399;275.466;0.491145;38174.5;5825.73
100001;308;0;335.849;249.755;0.426492;38138.7;5833.42
100001;309;0;320.483;201.83;0.386416;38160.2;5842.21
100001;310;0;419.562;305.654;0.421466;38164.3;5860.7
100001;311;0;356.31;294.89;0.452841;38170.7;5829.58
100001;312;0;396.023;321.584;0.448134;38136.4;5860.61
100001;313;0;394.251;329.455;0.455233;38168.3;5836.87
100001;314;0;403.739;285.932;0.414591;38159.4;5853.22
100001;315;0;390.553;357.884;0.478175;38160.3;5841.55
100001;316;0;323.352;313.206;0.492031;38158.7;5836.53
100001;317;0;332.122;375.298;0.530517;38176.3;5827.89
100001;318;0;404.783;320.927;0.442225;38158.3;5836.33
100001;319;0;354.317;295.328;0.454599;38164;5803
100001;320;0;360.766;257.872;0.416838;38224.3;5869.32
100001;321;0;405.668;295.91;0.421778;38145.1;5848.45
100001;322;0;512.273;297.036;0.367024;38161.8;5835.81
100001;323;0;439.591;361.787;0.451456;38152.2;5860.48
100001;324;0;412.352;415.061;0.501637;38178.5;5818.5
100001;325;0;315.388;313.28;0.498323;38162.7;5835.01
100001;326;0;195.639;194.891;0.499043;38156.5;5822.36
100001;327;0;220.254;236.672;0.517966;38172.7;5858.76
100001;328;0;217.198;154.807;0.416143;38142.3;5839.2
100001;329;0;187.165;189.472;0.503063;38151.5;5836.27
100001;330;0;209.982;250.111;0.543609;38159.6;5827.82
100001;331;0;0;0;0;0;0
100001;332;0;210.683;207.078;0.495685;38152.2;5871.77
100001;333;0;198.909;208.408;0.51166;38146.4;5874.75
100001;334;0;133.822;250.939;0.652194;38202.8;5834.31
100001;335;0;0;0;0;0;0
100001;336;0;0;0;0;0;0
100001;337;0;0;0;0;0;0
100001;338;0;189.022;179.862;0.487584;38182.7;5876.51
100001;339;0;0;0;0;0;0
100001;340;0;0;0;0;0;0
100001;341;0;0;0;0;0;0
100001;342;0;0;0;0;0;0
100001;343;0;0;0;0;0;0
100001;344;0;0;0;0;0;0
100001;345;0;0;0;0;0;0
100001;346;0;0;0;0;0;0
100001;347;0;0;0;0;0;0
100001;348;0;0;0;0;0;0
100001;349;0;0;0;0;0;0
100001;350;0;207.74;151.81;0.422222;38164.3;5833.24
100001;351;0;0;0;0;0;0
100001;352;0;0;0;0;0;0
100001;353;0;0;0;0;0;0
100001;354;0;0;0;0;0;0
100001;355;0;160.995;219.705;0.577107;38249.9;5842.24
100001;356;0;207.742;160.904;0.436472;38158.2;5850.62
100001;357;0;0;0;0;0;0
100001;358;0;0;0;0;0;0
100001;359;0;0;0;0;0;0
100001;360;0;206.846;148.018;0.417112;38130.3;5837.47
100001;361;0;0;0;0;0;0
100001;362;0;0;0;0;0;0
100001;363;0;114.271;202.644;0.639426;38149.8;5781.13
100001;364;0;0;0;0;0;0
100001;365;0;216.573;231.714;0.516888;38162.9;5871.36
100001;366;0;225.094;205.552;0.477311;38165.1;5850.13
100001;367;0;190.429;173.295;0.476448;38182.6;5839.54
100001;368;0;225.717;272.835;0.547255;38158.3;5834.28
100001;369;0;199.658;172.109;0.462949;38155.1;5876.98
100001;370;0;0;0;0;0;0
100001;371;0;216.714;151.875;0.412045;38166.5;5878.77
100001;372;0;0;0;0;0;0
100001;373;0;185.56;169.781;0.477797;38165;5890.69
100001;374;0;224.945;195.184;0.464581;38161.3;5834.93
100001;375;0;185.243;150.853;0.448839;38147.9;5819.93
100001;376;0;165.247;203.479;0.551843;38220.2;5871.53
100001;377;0;0;0;0;0;0
100001;378;0;208.008;214.386;0.50755;38142.7;5824.83
100001;379;0;236.171;244.667;0.508835;38164.8;5845.39
100001;380;0;222.22;177.966;0.444707;38133.8;5863.19
100001;381;0;201.237;208.277;0.508596;38178.8;5797.63
100001;382;0;186.804;194.686;0.510331;38165.6;5826.55
100001;383;0;232.756;187.392;0.446015;38143.9;5847.49
100001;384;0;209.155;168.403;0.446033;38127.3;5889.17
100001;385;0;180.1;126.256;0.412122;38161;5870.72
100001;386;0;225.809;163.976;0.420683;38168.9;5849.52
100001;387;0;154.008;192.671;0.555762;38207.6;5901.61
100001;388;0;0;0;0;0;0
100001;389;0;225.126;230.365;0.505751;38136.3;5817.26
100001;390;0;0;0;0;0;0
100001;391;0;160.052;216.765;0.575253;38227.6;5855.06
100001;392;0;152.211;208.137;0.5776;38196.4;5854.47
100001;393;0;0;0;0;0;0
100001;394;0;0;0;0;0;0
100001;395;0;0;0;0;0;0
100001;396;0;0;0;0;0;0
100001;397;0;0;0;0;0;0
100001;398;0;0;0;0;0;0
100001;399;0;0;0;0;0;0
100001;400;0;0;0;0;0;0
100001;401;0;0;0;0;0;0
100001;402;0;0;0;0;0;0
100001;403;0;161.13;222.727;0.580234;38192.2;5792.17
100001;404;0;192.325;209.079;0.520869;38174.7;5850.53
100001;405;0;0;0;0;0;0
100001;406;0;0;0;0;0;0
100001;407;0;200.36;122.626;0.379663;38162;5827.06
100001;408;0;185.696;167.595;0.474383;38181.5;5837.28
100001;409;0;0;0;0;0;0
100001;410;0;195.221;169.369;0.464547;38203.7;5825.94
100001;411;0;0;0;0;0;0
100001;412;0;0;0;0;0;0
100001;413;0;170.486;195.632;0.534342;38166;5740.98
100001;414;0;179.71;182.826;0.504298;38167.5;5868.45
100001;415;0;229.937;228.43;0.498356;38171.7;5843.05
100001;416;0;187.297;144.049;0.434739;38134.8;5821.39
100001;417;0;0;0;0;0;0
100001;418;0;0;0;0;0;0
100001;419;0;185.488;232.416;0.556147;38189.3;5855.69
100001;420;0;197.948;269.908;0.576904;38158.1;5872.58
100001;421;0;0;0;0;0;0
100001;422;0;0;0;0;0;0
100001;423;0;164.066;225.261;0.57859;38232.7;5850.4
100001;424;0;147.656;330.854;0.691425;38216.7;5850.14
100001;425;0;182.624;201.127;0.524109;38144.2;5862.69
100001;426;0;0;0;0;0;0
100001;427;0;0;0;0;0;0
100001;428;0;0;0;0;0;0
100001;429;0;0;0;0;0;0
100001;430;0;0;0;0;0;0
100001;431;0;0;0;0;0;0
100001;432;0;0;0;0;0;0
100001;433;0;0;0;0;0;0
100001;434;0;0;0;0;0;0
100001;435;0;0;0;0;0;0
100001;436;0;0;0;0;0;0
100001;437;0;0;0;0;0;0
100001;438;0;0;0;0;0;0
100001;439;0;136.044;221.532;0.619538;38204.8;5847.16
100001;440;0;204.131;242.652;0.54311;38197.1;5862.98
100001;441;0;261.466;162.839;0.383779;38157.9;5831.83
100001;442;0;149.027;223.508;0.599964;38161.2;5847.49
100001;443;0;138.699;214.059;0.606816;38202.4;5823.41
100001;444;0;0;0;0;0;0
100001;445;0;0;0;0;0;0
100001;446;0;173.28;177.118;0.505477;38174.7;5897.76
100001;447;0;0;0;0;0;0
100001;448;0;0;0;0;0;0
100001;449;0;0;0;0;0;0
100001;450;0;0;0;0;0;0
100001;451;0;0;0;0;0;0
100001;452;0;179.316;174.763;0.493571;38131.5;5881.31
100001;453;0;132.688;209.71;0.612475;38170.6;5834.25
100001;454;0;193.559;161.386;0.454678;38114.2;5900.99
100001;455;0;0;0;0;0;0
100001;456;0;209.884;192.532;0.47844;38154.7;5864.81
100001;457;0;0;0;0;0;0
100001;458;0;0;0;0;0;0
100001;459;0;236.243;180.402;0.432987;38184;5821.46
100001;460;0;0;0;0;0;0
100001;461;0;194.194;145.015;0.427509;38171.9;5834.41
100001;462;0;0;0;0;0;0
100001;463;0;0;0;0;0;0
100001;464;0;0;0;0;0;0
100001;465;0;0;0;0;0;0
100001;466;0;166.516;191.634;0.535066;38215.4;5834.27
100001;467;0;0;0;0;0;0
100001;468;0;152.885;192.146;0.556896;38204.8;5852.02
100001;469;0;190.209;110.598;0.367671;38173.3;5835.88
100001;470;0;0;0;0;0;0
100001;471;0;187.42;156.066;0.454359;38145.1;5875.62
100001;472;0;0;0;0;0;0
100001;473;0;0;0;0;0;0
100001;474;0;134.574;204.78;0.603441;38230.3;5846.82
100001;475;0;0;0;0;0;0
100001;476;0;0;0;0;0;0
100001;477;0;0;0;0;0;0
100001;478;0;0;0;0;0;0
100001;479;0;0;0;0;0;0
100001;480;0;160.8;232.072;0.590706;38245.2;5827.91
100001;481;0;214.569;235.455;0.523206;38199.7;5837.22
100001;482;0;0;0;0;0;0
100001;483;0;187.291;141.178;0.429806;38140;5799.7
100001;484;0;226.19;152.183;0.402203;38147.1;5847.16
100001;485;0;182.09;193.429;0.515098;38202.6;5812.66
100001;486;0;0;0;0;0;0
100001;487;0;0;0;0;0;0
100001;488;0;145.001;225.661;0.608805;38256.4;5827.18
100001;489;0;0;0;0;0;0
100001;490;0;0;0;0;0;0
100001;491;0;0;0;0;0;0
100001;492;0;0;0;0;0;0
100001;493;0;0;0;0;0;0
100001;494;0;0;0;0;0;0
100001;495;0;0;0;0;0;0
100001;496;0;0;0;0;0;0
100001;497;0;148.438;187.505;0.558146;38208.4;5845.22
100001;498;0;197.993;216.414;0.522225;38148.4;5894.83
100001;499;0;197.61;144.38;0.422175;38194.1;5847.79
100001;500;0;186.067;170.938;0.478812;38141.9;5863.83
100001;501;0;0;0;0;0;0
100001;502;0;188.308;143.807;0.433004;38181.6;5851.93
100001;503;0;0;0;0;0;0
100001;504;0;0;0;0;0;0
100001;505;0;0;0;0;0;0
100001;506;0;179.54;174.596;0.49302;38173;5830.32
100001;507;0;0;0;0;0;0
100001;508;0;172.326;203.915;0.54198;38241.6;5818.09
100001;509;0;0;0;0;0;0
100001;510;0;206.106;165.828;0.445853;38197.9;5825.42
100001;511;0;140.472;198.388;0.585458;38215.2;5895.97
100001;512;0;172.318;162.309;0.485045;38142;5840.96
100001;513;0;160.797;188.663;0.539869;38184.4;5844.14
100001;514;0;197.029;172.535;0.466861;38189.4;5844.5
100001;515;0;0;0;0;0;0
100001;516;0;0;0;0;0;0
100001;517;0;0;0;0;0;0
100001;518;0;209.556;150.642;0.41822;38173.2;5836.04
100001;519;0;196.716;195.106;0.497945;38179.6;5884.54
100001;520;0;148.848;183.776;0.552505;38181.6;5865.94
100001;521;0;0;0;0;0;0
100001;522;0;115.491;205.036;0.639683;38214.1;5841.75
100001;523;0;0;0;0;0;0
100001;524;0;0;0;0;0;0
100001;525;0;0;0;0;0;0
100001;526;0;0;0;0;0;0
100001;527;0;0;0;0;0;0
100001;528;0;0;0;0;0;0
100001;529;0;182.133;209.56;0.535011;38171.8;5866.47
100001;530;0;0;0;0;0;0
100001;531;0;131.971;189.005;0.588846;38181.3;5890.36
100001;532;0;0;0;0;0;0
100001;533;0;0;0;0;0;0
100001;534;0;0;0;0;0;0
100001;535;0;0;0;0;0;0
100001;536;0;200.153;137.823;0.40779;38158.6;5867.46
100001;537;0;0;0;0;0;0
100001;538;0;222.424;169.86;0.433002;38138.6;5904.35
100001;539;0;187.404;147.441;0.440326;38181.3;5824.8
100001;540;0;0;0;0;0;0
100001;541;0;189.509;166.085;0.467064;38170.4;5815.47
100001;542;0;0;0;0;0;0
100001;543;0;0;0;0;0;0
100001;544;0;0;0;0;0;0
100001;545;0;0;0;0;0;0
100001;546;0;179.94;165.089;0.478478;38194.8;5882.35
100001;547;0;0;0;0;0;0
100001;548;0;0;0;0;0;0
100001;549;0;0;0;0;0;0
100001;550;0;0;0;0;0;0
100001;551;0;0;0;0;0;0
100001;552;0;0;0;0;0;0
100001;553;0;201.831;117.933;0.368812;38167.3;5862.62
100001;554;0;209.542;148.862;0.415348;38188.6;5863.36
100001;555;0;169.544;216.907;0.561279;38204.1;5838.7
100001;556;0;0;0;0;0;0
100001;557;0;0;0;0;0;0
100001;558;0;0;0;0;0;0
100001;559;0;180.477;165.946;0.479027;38178;5855.98
100001;560;0;248.427;134.473;0.351196;38167.7;5871.67
100001;561;0;317.021;165.112;0.342461;38165.8;5847.85
100001;562;0;203.206;207.276;0.504958;38167.9;5864.89
100001;563;0;0;0;0;0;0
100001;564;0;187.915;120.606;0.390918;38182.6;5891.81
100001;565;0;0;0;0;0;0
100001;566;0;210.056;73.3271;0.258756;38149.6;5845.74
100001;567;0;0;0;0;0;0
100001;568;0;0;0;0;0;0
100001;569;0;0;0;0;0;0
100001;570;0;170.023;206.11;0.547971;38227;5841.55
100001;571;0;0;0;0;0;0
100001;572;0;182.928;159.734;0.466155;38191.9;5822.42
100001;573;0;0;0;0;0;0
100001;574;0;0;0;0;0;0
100001;575;0;176.444;192.438;0.521679;38215.2;5859.28
100001;576;0;0;0;0;0;0
100001;577;0;182.08;180.999;0.498511;38161.5;5811.67
100001;578;0;0;0;0;0;0
100001;579;0;176.029;162.993;0.480774;38125.7;5846.64
100001;580;0;160.697;200.181;0.554705;38218.3;5795.84
100001;581;0;0;0;0;0;0
100001;582;0;232.149;157.107;0.403608;38165;5878.01
100001;583;0;0;0;0;0;0
100001;584;0;0;0;0;0;0
100001;585;0;0;0;0;0;0
100001;586;0;0;0;0;0;0
100001;587;0;195.805;163.357;0.454827;38171.9;5830.8
100001;588;0;0;0;0;0;0
100001;589;0;182.527;203.794;0.527526;38154.4;5845.45
100001;590;0;0;0;0;0;0
100001;591;0;0;0;0;0;0
100001;592;0;0;0;0;0;0
100001;593;0;0;0;0;0;0
100001;594;0;0;0;0;0;0
100001;595;0;0;0;0;0;0
100001;596;0;180.889;183.587;0.503702;38176.8;5848.62
100001;597;0;0;0;0;0;0
100001;598;0;0;0;0;0;0
100001;599;0;0;0;0;0;0
100001;600;0;0;0;0;0;0
100001;601;0;195.38;130.501;0.400457;38215.3;5855.69
100001;602;0;0;0;0;0;0
100001;603;0;0;0;0;0;0
100001;604;0;0;0;0;0;0
100001;605;0;0;0;0;0;0
100001;606;0;194.436;121.09;0.383772;38157.9;5890.45
100001;607;0;168.882;224.491;0.570682;38213.2;5851.37
100001;608;0;166.375;236.607;0.587141;38237.3;5828.46
100001;609;0;175.665;171.045;0.493337;38194.7;5901.28
100001;610;0;182.526;103.993;0.362954;38159.1;5869.89
100001;611;0;0;0;0;0;0
100001;612;0;0;0;0;0;0
100001;613;0;0;0;0;0;0
100001;614;0;0;0;0;0;0
100001;615;0;124.271;201.701;0.618768;38201.5;5843.94
100001;616;0;201.6;158.625;0.44035;38195.1;5883.23
100001;617;0;196.034;171.997;0.467344;38169.8;5856.94
100001;618;0;0;0;0;0;0
100001;619;0;190.992;156.508;0.450383;38195.2;5860.92
100001;620;0;0;0;0;0;0
100001;621;0;0;0;0;0;0
100001;622;0;0;0;0;0;0
100001;623;0;176.979;200.352;0.530971;38245.5;5867.79
100001;624;0;225.51;185.675;0.451561;38142.6;5870.04
100001;625;0;0;0;0;0;0
100001;626;0;204.312;176.341;0.46326;38165.3;5855.72
100001;627;0;0;0;0;0;0
100001;628;0;135.744;187.079;0.57951;38248.1;5868.54
100001;629;0;176.441;268.019;0.603022;38225.7;5839.88
100001;630;0;158.179;212.031;0.572731;38226.4;5858.42
100001;631;0;185.767;176.676;0.487459;38171.3;5867.09
100001;632;0;217.559;165.286;0.431731;38163.5;5841.58
100001;633;0;0;0;0;0;0
100001;634;0;0;0;0;0;0
100001;635;0;0;0;0;0;0
100001;636;0;0;0;0;0;0
100001;637;0;0;0;0;0;0
100001;638;0;0;0;0;0;0
100001;639;0;0;0;0;0;0
100001;640;0;224.066;142.848;0.389324;38132.1;5855.7
100001;641;0;0;0;0;0;0
100001;642;0;0;0;0;0;0
100001;643;0;125.328;231.549;0.648821;38251.2;5873.76
100001;644;0;0;0;0;0;0
100001;645;0;139.883;201.937;0.590771;38185.9;5867.86
100001;646;0;0;0;0;0;0
100001;647;0;0;0;0;0;0
100001;648;0;188.442;156.301;0.453383;38186.8;5862.42
100001;649;0;0;0;0;0;0
100001;650;0;0;0;0;0;0
100001;651;0;170.497;234.531;0.579049;38172.9;5870.19
100001;652;0;0;0;0;0;0
100001;653;0;0;0;0;0;0
100001;654;0;0;0;0;0;0
100001;655;0;0;0;0;0;0
100001;656;0;209.48;190.104;0.475755;38136.7;5856.49
100001;657;0;143.02;190.597;0.571305;38197.2;5867.46
100001;658;0;177.482;195.368;0.523985;38195.8;5845.45
100001;659;0;189.247;209.054;0.524864;38153.7;5842.79
100001;660;0;155.439;206.671;0.570741;38221.9;5867.3
100001;661;0;193.143;256.37;0.570329;38171.5;5882.35
